Workbook

Sheet Assessment
A1: BEST Maturity Assessment v2 — Scoring Sheet
A2: Terminal: | C2: Assessor(s): | E2: Date:
A4: 1. Leadership & Commitment
A5: Definition: The degree to which leaders at every tier personally own, model, resource and hold the organization accountable for the BEST operating system, rather than delegating it. | Construct measured: Visible, resourced, accountable leadership ownership of BEST.
A6: Item | B6: Statement (score the degree this is TRUE) | C6: Primary evidence | D6: Behavioural anchors (1 → 5) | E6: Score | F6: Evidence type | G6: Evidence note / examples
A7: 1.1 | B7: Senior leaders personally participate in BEST routines (gemba walks, tier reviews) on a published cadence, and their attendance is recorded. | C7: Data/Record: Gemba/tier-review attendance log for the last 3 months showing named senior leaders and dates. | D7: 1 – No leader attends BEST routines. 2 – Leaders attend occasionally when prompted; no cadence or record. 3 – A cadence exists and most scheduled attendances are met and logged. 4 – Attendance is ≥80% to plan, logged, and leaders act on what they see. 5 – Leaders drive the cadence, coach in-routine, and the practice is copied by other sites.
A8: 1.2 | B8: BEST principles are written into the terminal's stated vision/values and are reproduced accurately by leaders when asked. | C8: Document: Vision/values artefact referencing BEST; compare with 3 leader interviews. | D8: 1 – BEST appears in no leadership communication. 2 – Mentioned in documents but leaders cannot articulate it. 3 – Documented and most leaders can explain it consistently. 4 – Documented, explained, and visibly used to justify decisions. 5 – Lived language; leaders teach it to others and reference it spontaneously.
A9: 1.3 | B9: Leaders coach BEST behaviours during work (observed), rather than only directing or correcting outcomes. | C9: Observation: Observe ≥1 leader interaction in a routine; note coaching vs. telling behaviours. | D9: 1 – No coaching observed; command-and-control only. 2 – Occasional coaching by isolated individuals. 3 – Coaching observed in standard routines across most leaders. 4 – Structured coaching with follow-up; staff confirm it happens. 5 – Coaching culture; leaders develop other coaches.
A10: 1.4 | B10: A governance structure assigns named accountability for BEST results and meets on a defined cadence with minutes. | C10: Document: Governance ToR + last 2 meeting minutes with attendance and decisions. | D10: 1 – No governance for BEST. 2 – Informal/ad-hoc discussion, no terms or record. 3 – Defined governance with cadence and minutes. 4 – Governance tracks actions to closure and escalates. 5 – Governance drives strategy and is benchmarked across sites.
A11: 1.5 | B11: Leaders allocate dedicated resource (named time, budget line, or headcount) to BEST, evidenced in plans or budgets. | C11: Document: Budget line, role description, or time allocation showing committed BEST resource. | D11: 1 – No resource allocated. 2 – Resource borrowed ad hoc when crises allow. 3 – Defined resource committed for the year. 4 – Resource committed, tracked, and protected against reallocation. 5 – Resourcing model is proactive and replicated as a standard.
A12: 1.6 | B12: BEST expectations appear in leaders' individual performance objectives/scorecards. | C12: Document: Sample leadership scorecard or objective sheet containing a BEST-linked measure. | D12: 1 – Not in any objective. 2 – Mentioned informally, not measured. 3 – In objectives for most leaders. 4 – In objectives, reviewed, and influences ratings. 5 – Cascaded through all tiers and tied to development/consequence.
A13: 1.7 | B13: Leaders take direct ownership of removing systemic barriers raised by teams, with a traceable action trail. | C13: Data/Record: Escalation/barrier log showing items owned and closed by leaders. | D13: 1 – Barriers are ignored or pushed back down. 2 – Some barriers addressed reactively, untracked. 3 – Barriers logged and most are actioned by leaders. 4 – Barriers tracked to closure with timeliness measured. 5 – Proactive barrier removal; root-cause patterns eliminated systemically.
A14: 1.8 | B14: Leadership messages on BEST are aligned across tiers (global/regional/terminal) with no contradiction reported by staff. | C14: Interview: Triangulate 3 tiers on the same priority; check for consistency. | D14: 1 – Tiers give conflicting messages. 2 – Alignment by chance, not design. 3 – Generally aligned across tiers. 4 – Deliberately aligned and reinforced in cascades. 5 – One coherent voice; alignment is self-correcting.
A15: 1.9 | B15: Leaders publicly recognize BEST contributions in their own routines (observed or recorded), not only via HR programs. | C15: Observation: Observe or evidence a leader-led recognition act tied to BEST behaviour. | D15: 1 – No leader recognition of BEST. 2 – Rare, generic praise. 3 – Regular, specific recognition by leaders. 4 – Recognition tied to behaviours and visible to teams. 5 – Recognition shapes culture and is emulated widely.
A16: 1.10 | B16: Frontline employees independently describe their leaders as role models for improvement (corroborated in interview). | C16: Interview: Ask ≥3 frontline staff to describe leadership behaviour unprompted. | D16: 1 – Staff see leaders as disengaged. 2 – Mixed perceptions; depends on individual. 3 – Most staff view leaders positively on improvement. 4 – Staff give concrete examples of role-modelling. 5 – Leaders are cited as the reason improvement endures.
A17: Element 1 score (avg of scored items × 20, 0–100) | E17: =IFERROR(ROUND(AVERAGEIF(E7:E16,">0")*20,0),0) -> 0 | F17: =IF($E$17=0,"—",IF($E$17<=20,"Absent",IF($E$17<=40,"Emerging",IF($E$17<=60,"Established",IF($E$17<=80,"Integrated","Best-in-class"))))) -> —
A19: 2. Strategy Deployment
A20: Definition: The degree to which corporate strategy is translated, cascaded, owned and reviewed down to terminal and team level through a structured (Hoshin-type) process. | Construct measured: Line-of-sight from corporate strategy to team action, with review and adaptation.
A21: Item | B21: Statement (score the degree this is TRUE) | C21: Primary evidence | D21: Behavioural anchors (1 → 5) | E21: Score | F21: Evidence type | G21: Evidence note / examples
A22: 2.1 | B22: A structured method (e.g., Hoshin/X-matrix) cascades corporate strategy into terminal-level plans, and the artefact exists. | C22: Document: Deployment matrix or cascade map linking corporate goals to terminal objectives. | D22: 1 – No cascade method. 2 – Goals shared as a list, not cascaded. 3 – Structured cascade exists for the terminal. 4 – Cascade is reviewed and adjusted each cycle. 5 – Cascade is two-way (catchball) and continuously refined.
A23: 2.2 | B23: Strategic initiatives are explicitly prioritized against value and capacity, with a documented rationale. | C23: Document: Prioritized initiative list with criteria/scoring. | D23: 1 – No prioritization. 2 – Implicit prioritization in someone's head. 3 – Documented prioritization criteria applied. 4 – Prioritization revisited as conditions change. 5 – Portfolio actively balanced; low-value work stopped.
A24: 2.3 | B24: Every team has KPIs that trace upward to a strategic objective, visible on a deployment board. | C24: Observation: Team board showing KPI-to-objective linkage. | D24: 1 – No team KPIs linked to strategy. 2 – Some KPIs, no linkage shown. 3 – Most teams show linked KPIs. 4 – Linkage used in reviews to steer work. 5 – Teams adjust their own KPIs as strategy shifts.
A25: 2.4 | B25: Progress against strategic goals is reviewed on a fixed cadence at each tier, with the review recorded. | C25: Data/Record: Review minutes/board photos across at least 2 tiers for last cycle. | D25: 1 – No reviews. 2 – Irregular reviews when problems surface. 3 – Fixed-cadence reviews at each tier. 4 – Reviews drive countermeasures and are minuted. 5 – Reviews predictively adjust the plan; self-running.
A26: 2.5 | B26: A sampled employee can explain how their daily work contributes to a strategic goal. | C26: Interview: Ask ≥3 staff to connect their work to a terminal objective. | D26: 1 – No awareness of strategy. 2 – Vague awareness, no personal link. 3 – Most can state the link generally. 4 – Most give a concrete personal example. 5 – Staff use the link to make daily trade-offs.
A27: 2.6 | B27: Each initiative has a single named owner and an accountability mechanism (review or scorecard). | C27: Document: Initiative register with owners and review mechanism. | D27: 1 – No owners. 2 – Shared/unclear ownership. 3 – Single owners assigned for most. 4 – Owners held accountable in reviews. 5 – Ownership culture; owners self-escalate risks.
A28: 2.7 | B28: Mid-cycle corrections are made and documented when initiatives go off-track. | C28: Data/Record: Evidence of a re-planned or stopped initiative with rationale. | D28: 1 – Plans never change regardless of results. 2 – Changes happen but undocumented. 3 – Corrections made and recorded. 4 – Corrections are timely and data-triggered. 5 – Adaptation is routine and anticipatory.
A29: 2.8 | B29: Resources (people, budget, time) are formally assigned to strategic initiatives, not assumed. | C29: Document: Resourcing plan attached to initiatives. | D29: 1 – No resourcing. 2 – Resourcing implicit. 3 – Resourcing documented for most. 4 – Resourcing tracked vs. consumption. 5 – Resourcing optimized across the portfolio.
A30: 2.9 | B30: Strategy deployment is synchronized with the annual business-planning calendar (defined dates). | C30: Document: Planning calendar showing deployment milestones. | D30: 1 – Disconnected from planning cycle. 2 – Loosely timed, often late. 3 – Synced to the annual cycle. 4 – Synced and feeds budgeting decisions. 5 – Fully integrated rolling planning.
A31: 2.10 | B31: Regional/global initiatives and local execution are reconciled so there is no duplicated or conflicting work (verified). | C31: Interview: Cross-check 1 regional initiative against local plan for conflict. | D31: 1 – Local and regional plans conflict. 2 – Conflicts found and resolved late. 3 – Generally reconciled. 4 – Deliberately reconciled each cycle. 5 – Seamless global-to-local flow.
A32: Element 2 score (avg of scored items × 20, 0–100) | E32: =IFERROR(ROUND(AVERAGEIF(E22:E31,">0")*20,0),0) -> 0 | F32: =IF($E$32=0,"—",IF($E$32<=20,"Absent",IF($E$32<=40,"Emerging",IF($E$32<=60,"Established",IF($E$32<=80,"Integrated","Best-in-class"))))) -> —
A34: 3. Standard Work & Daily Management
A35: Definition: The degree to which work is standardized and managed through disciplined daily routines (tiered huddles, visual management, escalation) that surface and resolve deviations. | Construct measured: Standardized work executed and governed through a tiered daily management system.
A36: Item | B36: Statement (score the degree this is TRUE) | C36: Primary evidence | D36: Behavioural anchors (1 → 5) | E36: Score | F36: Evidence type | G36: Evidence note / examples
A37: 3.1 | B37: Tiered daily huddles run to a fixed schedule at each operational level (observed running, not just scheduled). | C37: Observation: Observe at least one tier huddle; confirm time, attendance, duration. | D37: 1 – No daily huddles. 2 – Huddles happen only when a manager calls them. 3 – Scheduled huddles run at most tiers. 4 – Huddles run to plan and start/end on time daily. 5 – Tiered system self-runs and is taught to new sites.
A38: 3.2 | B38: Teams review live KPIs against target during the huddle and can explain the current trend. | C38: Observation: Confirm KPI board is current and team explains a trend. | D38: 1 – No KPIs in huddle. 2 – KPIs shown but stale or unexplained. 3 – Current KPIs reviewed at target level. 4 – Trends drive in-huddle decisions. 5 – Teams self-correct from trend signals.
A39: 3.3 | B39: A standard agenda/structure for the huddle is defined and followed. | C39: Document: Standard huddle agenda + observed adherence. | D39: 1 – No agenda. 2 – Agenda exists on paper only. 3 – Agenda followed most days. 4 – Agenda followed and improved by the team. 5 – Agenda is a benchmark standard.
A40: 3.4 | B40: Deviations from plan are identified in the huddle and escalated through a defined path. | C40: Document: Escalation chart + an example escalated item. | D40: 1 – Deviations not surfaced. 2 – Surfaced but not escalated. 3 – Defined escalation used for most. 4 – Escalation is timely and closed-loop. 5 – Escalation prevents recurrence systemically.
A41: 3.5 | B41: Actions from huddles have a named owner and due date and are tracked to closure. | C41: Data/Record: Action log showing owner, date, closure status. | D41: 1 – No actions captured. 2 – Actions captured, not tracked. 3 – Owner+date assigned for most. 4 – Closure rate tracked and reviewed. 5 – High on-time closure sustained; root causes removed.
A42: 3.6 | B42: Leaders attend and coach within daily routines (observed), reinforcing the standard. | C42: Observation: Observe leader behaviour in a routine. | D42: 1 – Leaders absent from routines. 2 – Leaders attend passively. 3 – Leaders attend and reinforce standard. 4 – Leaders coach and develop the team. 5 – Leaders grow coaches; routine improves itself.
A43: 3.7 | B43: Visual management at the workplace makes status, standards and abnormalities obvious at a glance. | C43: Observation: Photograph/observe visual management boards in use. | D43: 1 – No visual management. 2 – Boards exist but unused/outdated. 3 – Boards current and used in routines. 4 – Visuals trigger action when abnormal. 5 – Visual system is exemplary and copied.
A44: 3.8 | B44: The daily system connects to weekly/monthly performance reviews (issues flow upward, decisions flow down). | C44: Document: Show link between daily board items and a weekly/monthly review. | D44: 1 – No connection between cadences. 2 – Loose, manual connection. 3 – Defined connection across cadences. 4 – Bi-directional flow drives decisions. 5 – Fully integrated tiered cadence.
A45: 3.9 | B45: Cross-functional issues raised in routines are resolved through the meeting system, not outside it. | C45: Data/Record: Example cross-functional issue resolved via the system. | D45: 1 – Cross-functional issues stall. 2 – Resolved informally outside system. 3 – Most resolved through the system. 4 – System reliably resolves and tracks them. 5 – System prevents cross-functional issues recurring.
A46: 3.10 | B46: Standardized work documents exist for key tasks and match what is actually done on the floor (verified). | C46: Observation: Compare an SOP against live execution for one key task. | D46: 1 – No standardized work. 2 – SOPs exist but differ from practice. 3 – SOPs match practice for key tasks. 4 – SOPs maintained and adhered to, audited. 5 – SOPs continuously improved by the team.
A47: Element 3 score (avg of scored items × 20, 0–100) | E47: =IFERROR(ROUND(AVERAGEIF(E37:E46,">0")*20,0),0) -> 0 | F47: =IF($E$47=0,"—",IF($E$47<=20,"Absent",IF($E$47<=40,"Emerging",IF($E$47<=60,"Established",IF($E$47<=80,"Integrated","Best-in-class"))))) -> —
A49: 4. Problem Solving & Continuous Improvement
A50: Definition: The degree to which the organization identifies problems from data, solves them to root cause with structured methods, sustains the fix, and builds a self-reinforcing improvement habit. | Construct measured: Structured, data-driven, root-cause problem solving that is sustained and widespread.
A51: Item | B51: Statement (score the degree this is TRUE) | C51: Primary evidence | D51: Behavioural anchors (1 → 5) | E51: Score | F51: Evidence type | G51: Evidence note / examples
A52: 4.1 | B52: A structured problem-solving method (A3/PDCA/8D) is applied to real problems, evidenced by completed records. | C52: Document: At least 2 completed A3/PDCA from the last quarter. | D52: 1 – No structured method used. 2 – Method known but rarely used. 3 – Method applied to most significant problems. 4 – Method standard and quality-checked. 5 – Method is second nature across the workforce.
A53: 4.2 | B53: Problems are triggered by data and performance deviations, not only by escalated complaints. | C53: Data/Record: Show a problem initiated from a KPI deviation. | D53: 1 – Problems found only when something breaks. 2 – Some data use, mostly reactive. 3 – Data routinely triggers problem solving. 4 – Leading indicators trigger pre-emptive action. 5 – Predictive signals drive improvement.
A54: 4.3 | B54: Root-cause analysis is completed before countermeasures are chosen (evidence in the record). | C54: Document: RCA section completed in sampled problem records. | D54: 1 – Jump straight to fixes. 2 – RCA occasionally, superficially. 3 – RCA completed for most problems. 4 – RCA verified and effective. 5 – RCA depth is exemplary; recurrence rare.
A55: 4.4 | B55: Improvements are explicitly linked to a business result (safety, cost, service, quality) and the impact is quantified. | C55: Data/Record: Before/after metric on a sampled improvement. | D55: 1 – No link to results. 2 – Claimed benefit, not measured. 3 – Impact measured for most. 4 – Impact validated and reported. 5 – Cumulative impact tracked at portfolio level.
A56: 4.5 | B56: Frontline employees are trained in CI methods and have initiated improvements in the last quarter (records). | C56: Data/Record: Training records + frontline-raised improvement examples. | D56: 1 – No frontline involvement. 2 – A few trained, rarely active. 3 – Most trained; some active participation. 4 – Frontline routinely initiates improvements. 5 – Frontline-led improvement is the norm.
A57: 4.6 | B57: A defined process captures, evaluates and dispositions employee improvement suggestions with feedback to the proposer. | C57: Document: Suggestion log with status and feedback evidence. | D57: 1 – No suggestion process. 2 – Suggestions collected, not actioned. 3 – Defined process with dispositioning. 4 – High implementation + feedback rate. 5 – Suggestion engine is a key improvement source.
A58: 4.7 | B58: CI activity and results are visible across the terminal (boards, communications) and current. | C58: Observation: Observe current CI visual communication. | D58: 1 – CI invisible. 2 – Occasional, outdated displays. 3 – Current CI visible in work areas. 4 – Results celebrated and shared widely. 5 – CI visibility inspires cross-area pull.
A59: 4.8 | B59: Improvements are sustained by updating standard work and training, verified after implementation. | C59: Document: Evidence an SOP/training was updated post-improvement. | D59: 1 – Gains erode; no standardization. 2 – Sometimes standardized, no check. 3 – Standardized for most improvements. 4 – Sustainment verified by audit. 5 – Sustainment is automatic and reliable.
A60: 4.9 | B60: Teams conduct structured reflection on failures/misses to extract learning (records or observed). | C60: Document: Retrospective/lessons record from a failure. | D60: 1 – Failures hidden or blamed. 2 – Reflection rare and informal. 3 – Structured reflection for most events. 4 – Learning routinely captured and shared. 5 – Blame-free learning culture is embedded.
A61: 4.10 | B61: Leaders coach and model the problem-solving method (observed coaching, not just sponsoring). | C61: Observation: Observe a leader coaching a problem-solving step. | D61: 1 – No leader involvement. 2 – Leaders sponsor but don't coach. 3 – Leaders coach the method in most cases. 4 – Leaders develop problem-solving capability. 5 – Leaders create a self-improving system.
A62: Element 4 score (avg of scored items × 20, 0–100) | E62: =IFERROR(ROUND(AVERAGEIF(E52:E61,">0")*20,0),0) -> 0 | F62: =IF($E$62=0,"—",IF($E$62<=20,"Absent",IF($E$62<=40,"Emerging",IF($E$62<=60,"Established",IF($E$62<=80,"Integrated","Best-in-class"))))) -> —
A64: 5. Process & Performance Management
A65: Definition: The degree to which key processes are documented, owned, measured with leading and lagging KPIs, and actively controlled so that performance deviations trigger response. | Construct measured: Documented, owned processes under active KPI-based control.
A66: Item | B66: Statement (score the degree this is TRUE) | C66: Primary evidence | D66: Behavioural anchors (1 → 5) | E66: Score | F66: Evidence type | G66: Evidence note / examples
A67: 5.1 | B67: Key operational processes are formally documented, version-controlled and accessible to the people who run them. | C67: Document: Process documentation with version control; confirm floor access. | D67: 1 – No documentation. 2 – Some docs, uncontrolled/inaccessible. 3 – Key processes documented and accessible. 4 – Docs controlled and used daily. 5 – Living documentation, continuously improved.
A68: 5.2 | B68: Process standards are consistent across shifts and comparable areas (verified by comparison). | C68: Observation: Compare the same process across 2 shifts/areas. | D68: 1 – Every shift differs. 2 – Major variation between shifts. 3 – Mostly consistent across shifts. 4 – Consistency verified and maintained. 5 – Consistency is a benchmark; variation engineered out.
A69: 5.3 | B69: Each key process has clearly defined roles and responsibilities (e.g., RACI) understood by the team. | C69: Document: RACI or role definition + interview confirmation. | D69: 1 – Roles unclear. 2 – Roles assumed, not defined. 3 – Roles defined for key processes. 4 – Roles understood and followed. 5 – Roles optimized; gaps self-corrected.
A70: 5.4 | B70: Process performance is monitored with both leading and lagging KPIs, displayed and current. | C70: Observation: Confirm leading + lagging KPIs exist and are current. | D70: 1 – No measurement. 2 – Only lagging KPIs, sporadic. 3 – Leading+lagging KPIs in place. 4 – KPIs drive control decisions. 5 – Predictive KPIs prevent deviation.
A71: 5.5 | B71: People who run key processes are trained and certified for them, with current records. | C71: Data/Record: Competency/certification matrix for the process. | D71: 1 – No competency control. 2 – Informal, undocumented skill. 3 – Certification for key roles current. 4 – Certification enforced before task assignment. 5 – Competency system drives capability planning.
A72: 5.6 | B72: Process adherence is verified through structured confirmations/audits on a defined cadence. | C72: Data/Record: Process-confirmation/audit schedule + recent results. | D72: 1 – No adherence checks. 2 – Occasional informal checks. 3 – Scheduled confirmations performed. 4 – Findings actioned and trended. 5 – Confirmation system self-improves the process.
A73: 5.7 | B73: Deviations from process standards are documented and followed up to closure. | C73: Data/Record: Deviation log with closure status. | D73: 1 – Deviations ignored. 2 – Noted, not followed up. 3 – Documented and mostly closed. 4 – Closure timeliness measured. 5 – Deviation patterns eliminated at source.
A74: 5.8 | B74: End-to-end processes are aligned across departments so hand-offs are defined and measured. | C74: Document: End-to-end map showing hand-off measures. | D74: 1 – Silos; hand-offs undefined. 2 – Hand-offs known but unmanaged. 3 – Hand-offs defined across functions. 4 – Hand-offs measured and improved. 5 – Seamless end-to-end flow.
A75: 5.9 | B75: Process standards are updated as a direct output of CI activity (traceable link). | C75: Document: Show a standard updated from a CI project. | D75: 1 – Standards static. 2 – Rarely updated, ad hoc. 3 – Updated from CI for key processes. 4 – Systematic update loop in place. 5 – Standards evolve continuously from CI.
A76: 5.10 | B76: A named owner is accountable for maintaining each process's documentation and currency. | C76: Document: Document owner field populated and current. | D76: 1 – No owners. 2 – Owners unclear. 3 – Owners named for key docs. 4 – Owners keep docs current, audited. 5 – Ownership culture; docs never stale.
A77: Element 5 score (avg of scored items × 20, 0–100) | E77: =IFERROR(ROUND(AVERAGEIF(E67:E76,">0")*20,0),0) -> 0 | F77: =IF($E$77=0,"—",IF($E$77<=20,"Absent",IF($E$77<=40,"Emerging",IF($E$77<=60,"Established",IF($E$77<=80,"Integrated","Best-in-class"))))) -> —
A79: 6. Recognition & Culture
A80: Definition: The degree to which desired BEST behaviours are reinforced through timely, specific, inclusive recognition that shapes a shared improvement culture. | Construct measured: Behaviour-shaping recognition embedded in culture.
A81: Item | B81: Statement (score the degree this is TRUE) | C81: Primary evidence | D81: Behavioural anchors (1 → 5) | E81: Score | F81: Evidence type | G81: Evidence note / examples
A82: 6.1 | B82: Recognition criteria are explicitly linked to BEST behaviours/values, not only to output results. | C82: Document: Recognition program criteria referencing BEST behaviours. | D82: 1 – No criteria. 2 – Output-only, ad hoc. 3 – Behaviour-linked criteria defined. 4 – Criteria applied consistently and known. 5 – Criteria shape culture and are emulated.
A83: 6.2 | B83: Team or individual achievements are recognized publicly on a regular, predictable basis. | C83: Data/Record: Record/cadence of recognition events for last quarter. | D83: 1 – No public recognition. 2 – Rare, irregular. 3 – Regular public recognition. 4 – Frequent, specific, visible. 5 – Recognition rhythm is part of identity.
A84: 6.3 | B84: A structured recognition system (mechanism, owner, cadence) exists rather than only informal praise. | C84: Document: Recognition system description with owner and process. | D84: 1 – No system. 2 – Informal only. 3 – Structured system operating. 4 – System measured for reach/impact. 5 – System self-sustains and improves.
A85: 6.4 | B85: Recognition is timely and specific (names the behaviour and its impact), confirmed by recipients. | C85: Interview: Ask recipients to describe a recent recognition. | D85: 1 – Recognition absent or generic. 2 – Delayed and vague. 3 – Mostly timely and specific. 4 – Consistently timely, specific, valued. 5 – Recognition is meaningful and motivating to all.
A86: 6.5 | B86: Peer-to-peer recognition mechanisms are available and actively used (evidence of use). | C86: Data/Record: Peer-recognition records or platform activity. | D86: 1 – No peer recognition. 2 – Exists but unused. 3 – Used by some teams. 4 – Widely used and valued. 5 – Peer recognition drives culture.
A87: 6.6 | B87: Recognition is inclusive across all roles and shifts (coverage verified, not concentrated). | C87: Data/Record: Recognition distribution across shifts/roles. | D87: 1 – Recognition reaches a few. 2 – Skewed to day shift/leaders. 3 – Reasonably inclusive coverage. 4 – Verified inclusive across all groups. 5 – Equitable by design and monitored.
A88: 6.7 | B88: Leaders personally participate in recognizing teams (observed or recorded), not delegating it entirely. | C88: Observation: Evidence of leader-led recognition. | D88: 1 – Leaders absent from recognition. 2 – Occasional token involvement. 3 – Leaders regularly recognize teams. 4 – Leaders make it personal and visible. 5 – Leader recognition defines the culture.
A89: 6.8 | B89: Employees report (in interview) that their work is valued and that recognition feels fair. | C89: Interview: Ask ≥3 staff about feeling valued and fairness. | D89: 1 – Staff feel unvalued. 2 – Mixed; perceived unfairness. 3 – Most feel valued and treated fairly. 4 – Strong, consistent sense of value. 5 – Pride and belonging are evident.
A90: 6.9 | B90: BEST cultural values are embedded in everyday team rituals (huddles, start-ups), observed in practice. | C90: Observation: Observe a ritual that enacts a value. | D90: 1 – Values are posters only. 2 – Occasional reference. 3 – Values enacted in some rituals. 4 – Values consistently lived in routines. 5 – Values are the operating culture.
A91: 6.10 | B91: Recognition is connected to development/career progression (traceable examples). | C91: Data/Record: Example linking recognition to a development/progression outcome. | D91: 1 – No link to development. 2 – Anecdotal link. 3 – Defined link for some. 4 – Systematic link applied. 5 – Recognition feeds talent development pipeline.
A92: Element 6 score (avg of scored items × 20, 0–100) | E92: =IFERROR(ROUND(AVERAGEIF(E82:E91,">0")*20,0),0) -> 0 | F92: =IF($E$92=0,"—",IF($E$92<=20,"Absent",IF($E$92<=40,"Emerging",IF($E$92<=60,"Established",IF($E$92<=80,"Integrated","Best-in-class"))))) -> —
A94: 7. Capability Building
A95: Definition: The degree to which the organization systematically builds technical and BEST capability through role-based requirements, training, coaching, certification and measured effectiveness. | Construct measured: Systematic, measured capability development aligned to roles and needs.
A96: Item | B96: Statement (score the degree this is TRUE) | C96: Primary evidence | D96: Behavioural anchors (1 → 5) | E96: Score | F96: Evidence type | G96: Evidence note / examples
A97: 7.1 | B97: A structured training & development system is aligned to defined business and role needs (not generic catalogue). | C97: Document: Training plan mapped to role/business needs. | D97: 1 – No system. 2 – Generic, needs-blind training. 3 – Needs-aligned system in place. 4 – System measured and adjusted. 5 – Strategic capability engine.
A98: 7.2 | B98: Role-based skill matrices define required competencies and current coverage, and are current. | C98: Document: Skill matrix with required vs. actual, dated. | D98: 1 – No skill matrix. 2 – Outdated/partial matrix. 3 – Current matrix for key roles. 4 – Matrix drives training plans. 5 – Matrix drives workforce planning.
A99: 7.3 | B99: Onboarding includes BEST and cultural content, not only functional task training (curriculum evidence). | C99: Document: Onboarding curriculum showing BEST/cultural modules. | D99: 1 – Task-only onboarding. 2 – BEST mentioned informally. 3 – BEST in onboarding curriculum. 4 – BEST onboarding assessed for uptake. 5 – Onboarding embeds culture from day one.
A100: 7.4 | B100: Employees receive both technical and behavioural/soft-skill training on a planned basis (records). | C100: Data/Record: Training records covering both categories. | D100: 1 – No planned training. 2 – Technical only, ad hoc. 3 – Both categories planned and delivered. 4 – Delivery tracked to plan. 5 – Balanced development is the norm.
A101: 7.5 | B101: Coaches/mentors are assigned to reinforce skills in the real work setting (named pairings). | C101: Document: Coaching/mentoring assignments and activity. | D101: 1 – No coaching. 2 – Informal help only. 3 – Assigned coaching for key roles. 4 – Coaching active and effective. 5 – Coaching culture self-propagates.
A102: 7.6 | B102: Training effectiveness is measured through on-the-job performance change, not attendance alone. | C102: Data/Record: Pre/post performance or competency verification. | D102: 1 – Effectiveness not measured. 2 – Attendance tracked only. 3 – Effectiveness measured for key training. 4 – Effectiveness drives course redesign. 5 – ROI of capability tracked systemically.
A103: 7.7 | B103: Structured certification and recertification processes exist for critical competencies and are enforced. | C103: Data/Record: Certification register with expiry/recert tracking. | D103: 1 – No certification. 2 – One-off, no recert. 3 – Certification + recert for critical roles. 4 – Enforced before task assignment. 5 – Certification underpins safety/quality assurance.
A104: 7.8 | B104: Leaders are trained in coaching and people-development skills (records), enabling them to develop others. | C104: Data/Record: Leadership coaching-training records. | D104: 1 – No leader development. 2 – Ad hoc, optional. 3 – Most leaders trained to coach. 4 – Coaching skill applied and assessed. 5 – Leaders are capability multipliers.
A105: 7.9 | B105: Training content is localized to terminal-specific needs and risks, not only corporate-generic. | C105: Document: Localized training material example. | D105: 1 – Generic content only. 2 – Minor local tweaks. 3 – Localized for key needs. 4 – Localization based on local data. 5 – Local + global blended optimally.
A106: 7.10 | B106: Capability growth is tied to individual development plans that are reviewed (records). | C106: Document: Sample individual development plans with review dates. | D106: 1 – No development plans. 2 – Plans exist, not reviewed. 3 – Plans in place and reviewed for most. 4 – Plans drive real progression. 5 – Development planning is a strength.
A107: Element 7 score (avg of scored items × 20, 0–100) | E107: =IFERROR(ROUND(AVERAGEIF(E97:E106,">0")*20,0),0) -> 0 | F107: =IF($E$107=0,"—",IF($E$107<=20,"Absent",IF($E$107<=40,"Emerging",IF($E$107<=60,"Established",IF($E$107<=80,"Integrated","Best-in-class"))))) -> —
...

Sheet Dashboard
B2: BEST Maturity — Results Dashboard
A4: # | B4: Element | C4: Score | D4: Band | E4: Gap to 100 | F4: Priority (lowest scored first)
A5: 1 | B5: Leadership & Commitment | C5: =Assessment!E17 -> 0 | D5: =IF(C5=0,"—",IF(C5<=20,"Absent",IF(C5<=40,"Emerging",IF(C5<=60,"Established",IF(C5<=80,"Integrated","Best-in-class"))))) -> — | E5: =100-C5 -> 100
A6: 2 | B6: Strategy Deployment | C6: =Assessment!E32 -> 0 | D6: =IF(C6=0,"—",IF(C6<=20,"Absent",IF(C6<=40,"Emerging",IF(C6<=60,"Established",IF(C6<=80,"Integrated","Best-in-class"))))) -> — | E6: =100-C6 -> 100
A7: 3 | B7: Standard Work & Daily Management | C7: =Assessment!E47 -> 0 | D7: =IF(C7=0,"—",IF(C7<=20,"Absent",IF(C7<=40,"Emerging",IF(C7<=60,"Established",IF(C7<=80,"Integrated","Best-in-class"))))) -> — | E7: =100-C7 -> 100
A8: 4 | B8: Problem Solving & Continuous Improvement | C8: =Assessment!E62 -> 0 | D8: =IF(C8=0,"—",IF(C8<=20,"Absent",IF(C8<=40,"Emerging",IF(C8<=60,"Established",IF(C8<=80,"Integrated","Best-in-class"))))) -> — | E8: =100-C8 -> 100
A9: 5 | B9: Process & Performance Management | C9: =Assessment!E77 -> 0 | D9: =IF(C9=0,"—",IF(C9<=20,"Absent",IF(C9<=40,"Emerging",IF(C9<=60,"Established",IF(C9<=80,"Integrated","Best-in-class"))))) -> — | E9: =100-C9 -> 100
A10: 6 | B10: Recognition & Culture | C10: =Assessment!E92 -> 0 | D10: =IF(C10=0,"—",IF(C10<=20,"Absent",IF(C10<=40,"Emerging",IF(C10<=60,"Established",IF(C10<=80,"Integrated","Best-in-class"))))) -> — | E10: =100-C10 -> 100
A11: 7 | B11: Capability Building | C11: =Assessment!E107 -> 0 | D11: =IF(C11=0,"—",IF(C11<=20,"Absent",IF(C11<=40,"Emerging",IF(C11<=60,"Established",IF(C11<=80,"Integrated","Best-in-class"))))) -> — | E11: =100-C11 -> 100
A12: 8 | B12: Best Practice Sharing & Knowledge Management | C12: =Assessment!E122 -> 0 | D12: =IF(C12=0,"—",IF(C12<=20,"Absent",IF(C12<=40,"Emerging",IF(C12<=60,"Established",IF(C12<=80,"Integrated","Best-in-class"))))) -> — | E12: =100-C12 -> 100
A13: 9 | B13: Customer Experience (CX) | C13: =Assessment!E137 -> 0 | D13: =IF(C13=0,"—",IF(C13<=20,"Absent",IF(C13<=40,"Emerging",IF(C13<=60,"Established",IF(C13<=80,"Integrated","Best-in-class"))))) -> — | E13: =100-C13 -> 100
A14: 10 | B14: Safety Excellence | C14: =Assessment!E152 -> 0 | D14: =IF(C14=0,"—",IF(C14<=20,"Absent",IF(C14<=40,"Emerging",IF(C14<=60,"Established",IF(C14<=80,"Integrated","Best-in-class"))))) -> — | E14: =100-C14 -> 100
A15: OVERALL MATURITY (avg of elements) | C15: =IFERROR(ROUND(AVERAGEIF(C5:C14,">0"),0),0) -> 0 | D15: =IF(C15=0,"—",IF(C15<=20,"Absent",IF(C15<=40,"Emerging",IF(C15<=60,"Established",IF(C15<=80,"Integrated","Best-in-class"))))) -> —
B18: Interpretation bands
B19: 0–20 | C19: Absent
B20: 21–40 | C20: Emerging
B21: 41–60 | C21: Established
B22: 61–80 | C22: Integrated
B23: 81–100 | C23: Best-in-class
