Workbook

Sheet PROBLEM STATEMENT
I4: SYMPTOMS | K4: SYMPTOMS EXAMPLE
K5: Extra costs due to additional work crews
K6: Vessels waiting to berth
I14: PROBLEM STATEMENT | K14: PROBLEM STATEMENT EXAMPLE
I16: Documentar | K16: from June to August, during container loading operations, GMPH was at 12 boxes, while the established performance target is 15 box. This represent a gap of 3 movements per hour, resulting in , in shipping line complaints, extra costs due to additional work crews, and vessels waiting to berth.
B17: Trend
B19: Process
B21: Current situation
B23: Desired situation
B25: Gap
B27: Symptoms | I27: EVIDENCE

Sheet CAUSE - EFFECT
B9: falta capacitación | F9: sistema inestable
O17: ='PROBLEM STATEMENT'!I16 -> Documentar
O36: Selected causes

Sheet MULTI-VOTING MATRIX
E2: MULTI-VOTATING MATRIX
E3: CAUSE | G3: voting
G4: Influence | H4: Frequency | I4: Control | J4: Evidence | K4: Total | N4: Selected causes
E5: 1 | F5: ='CAUSE - EFFECT'!O37 -> 0 | K5: =(G5*0.4)+(H5*0.3)+(I5*0.2)+(J5*0.1) -> 0 | L5: FALSE | N5: {=_xlfn._xlws.FILTER(F5,L5,"")}
E6: 2 | F6: ='CAUSE - EFFECT'!O38 -> 0 | K6: =(G6*0.4)+(H6*0.3)+(I6*0.2)+(J6*0.1) -> 0 | L6: FALSE | N6: {=_xlfn._xlws.FILTER(F6,L6,"")}
E7: 3 | F7: ='CAUSE - EFFECT'!O39 -> 0 | K7: =(G7*0.4)+(H7*0.3)+(I7*0.2)+(J7*0.1) -> 0 | L7: FALSE | N7: {=_xlfn._xlws.FILTER(F7,L7,"")}
E8: 4 | F8: ='CAUSE - EFFECT'!O40 -> 0 | K8: =(G8*0.4)+(H8*0.3)+(I8*0.2)+(J8*0.1) -> 0 | L8: FALSE | N8: {=_xlfn._xlws.FILTER(F8,L8,"")}
E9: 5 | F9: ='CAUSE - EFFECT'!O41 -> 0 | K9: =(G9*0.4)+(H9*0.3)+(I9*0.2)+(J9*0.1) -> 0 | L9: FALSE | N9: {=_xlfn._xlws.FILTER(F9,L9,"")}
E10: 6 | F10: ='CAUSE - EFFECT'!O42 -> 0 | K10: =(G10*0.4)+(H10*0.3)+(I10*0.2)+(J10*0.1) -> 0 | L10: FALSE | N10: {=_xlfn._xlws.FILTER(F10,L10,"")}
E11: 7 | F11: ='CAUSE - EFFECT'!O43 -> 0 | K11: =(G11*0.4)+(H11*0.3)+(I11*0.2)+(J11*0.1) -> 0 | L11: FALSE | N11: {=_xlfn._xlws.FILTER(F11,L11,"")}
E12: 8 | F12: ='CAUSE - EFFECT'!O44 -> 0 | K12: =(G12*0.4)+(H12*0.3)+(I12*0.2)+(J12*0.1) -> 0 | L12: FALSE | N12: {=_xlfn._xlws.FILTER(F12,L12,"")}
E13: 9 | F13: ='CAUSE - EFFECT'!O45 -> 0 | K13: =(G13*0.4)+(H13*0.3)+(I13*0.2)+(J13*0.1) -> 0 | L13: FALSE | N13: {=_xlfn._xlws.FILTER(F13,L13,"")}
E14: 10 | F14: ='CAUSE - EFFECT'!O46 -> 0 | K14: =(G14*0.4)+(H14*0.3)+(I14*0.2)+(J14*0.1) -> 0 | L14: FALSE | N14: {=_xlfn._xlws.FILTER(F14,L14,"")}

Sheet 5 WHYS
E9: Causa 1 | H9: ='MULTI-VOTING MATRIX'!N5 | M9: Causa 2 | P9: ='MULTI-VOTING MATRIX'!N6 | U9: Causa 3 | X9: ='MULTI-VOTING MATRIX'!N7 | AC9: Causa 4 | AF9: ='MULTI-VOTING MATRIX'!N8 | AK9: Causa 5 | AN9: ='MULTI-VOTING MATRIX'!N9 | AS9: Causa 6 | AV9: ='MULTI-VOTING MATRIX'!N14 | BA9: Causa 7 | BD9: ='MULTI-VOTING MATRIX'!N11 | BI9: Causa 8 | BL9: ='MULTI-VOTING MATRIX'!N12 | BQ9: Causa 9 | BT9: ='MULTI-VOTING MATRIX'!N13 | BY9: Causa 10 | CB9: ='MULTI-VOTING MATRIX'!N14
I12: Via alterna (B) | J12: Via alterna (C) | Q12: Via alterna (B) | R12: Via alterna (C) | Y12: Via alterna (B) | Z12: Via alterna (C) | AG12: Via alterna (B) | AH12: Via alterna (C) | AO12: Via alterna (B) | AP12: Via alterna (C) | AW12: Via alterna (B) | AX12: Via alterna (C) | BE12: Via alterna (B) | BF12: Via alterna (C) | BM12: Via alterna (B) | BN12: Via alterna (C) | BU12: Via alterna (B) | BV12: Via alterna (C) | CC12: Via alterna (B) | CD12: Via alterna (C)
E13: 1 | F13: WHY? | K13: CAN CAUSE | M13: 1 | N13: WHY? | S13: CAN CAUSE | U13: 1 | V13: WHY? | AA13: CAN CAUSE | AC13: 1 | AD13: WHY? | AI13: CAN CAUSE | AK13: 1 | AL13: WHY? | AQ13: CAN CAUSE | AS13: 1 | AT13: WHY? | AY13: CAN CAUSE | BA13: 1 | BB13: WHY? | BG13: CAN CAUSE | BI13: 1 | BJ13: WHY? | BO13: CAN CAUSE | BQ13: 1 | BR13: CAN CAUSE | BW13: CAN CAUSE | BY13: 1 | BZ13: WHY? | CE13: CAN CAUSE
I15: Via alterna (B) | J15: Via alterna (C) | Q15: Via alterna (B) | R15: Via alterna (C) | Y15: Via alterna (B) | Z15: Via alterna (C) | AG15: Via alterna (B) | AH15: Via alterna (C) | AO15: Via alterna (B) | AP15: Via alterna (C) | AW15: Via alterna (B) | AX15: Via alterna (C) | BE15: Via alterna (B) | BF15: Via alterna (C) | BM15: Via alterna (B) | BN15: Via alterna (C) | BU15: Via alterna (B) | BV15: Via alterna (C) | CC15: Via alterna (B) | CD15: Via alterna (C)
E16: 2 | F16: WHY? | K16: CAN CAUSE | M16: 2 | N16: WHY? | S16: CAN CAUSE | U16: 2 | V16: WHY? | AA16: CAN CAUSE | AC16: 2 | AD16: WHY? | AI16: CAN CAUSE | AK16: 2 | AL16: WHY? | AQ16: CAN CAUSE | AS16: 2 | AT16: WHY? | AY16: CAN CAUSE | BA16: 2 | BB16: WHY? | BG16: CAN CAUSE | BI16: 2 | BJ16: WHY? | BO16: CAN CAUSE | BQ16: 2 | BR16: WHY? | BW16: CAN CAUSE | BY16: 2 | BZ16: WHY? | CE16: CAN CAUSE
I18: Via alterna (B) | J18: Via alterna (C) | Q18: Via alterna (B) | R18: Via alterna (C) | Y18: Via alterna (B) | Z18: Via alterna (C) | AG18: Via alterna (B) | AH18: Via alterna (C) | AO18: Via alterna (B) | AP18: Via alterna (C) | AW18: Via alterna (B) | AX18: Via alterna (C) | BE18: Via alterna (B) | BF18: Via alterna (C) | BM18: Via alterna (B) | BN18: Via alterna (C) | BU18: Via alterna (B) | BV18: Via alterna (C) | CC18: Via alterna (B) | CD18: Via alterna (C)
E19: 3 | F19: WHY? | K19: CAN CAUSE | M19: 3 | N19: WHY? | S19: CAN CAUSE | U19: 3 | V19: WHY? | AA19: CAN CAUSE | AC19: 3 | AD19: WHY? | AI19: CAN CAUSE | AK19: 3 | AL19: WHY? | AQ19: CAN CAUSE | AS19: 3 | AT19: WHY? | AY19: CAN CAUSE | BA19: 3 | BB19: WHY? | BG19: CAN CAUSE | BI19: 3 | BJ19: WHY? | BO19: CAN CAUSE | BQ19: 3 | BR19: WHY? | BW19: CAN CAUSE | BY19: 3 | BZ19: WHY? | CE19: CAN CAUSE
I21: Via alterna (B) | J21: Via alterna (C) | Q21: Via alterna (B) | R21: Via alterna (C) | Y21: Via alterna (B) | Z21: Via alterna (C) | AG21: Via alterna (B) | AH21: Via alterna (C) | AO21: Via alterna (B) | AP21: Via alterna (C) | AW21: Via alterna (B) | AX21: Via alterna (C) | BE21: Via alterna (B) | BF21: Via alterna (C) | BM21: Via alterna (B) | BN21: Via alterna (C) | BU21: Via alterna (B) | BV21: Via alterna (C) | CC21: Via alterna (B) | CD21: Via alterna (C)
E22: 4 | F22: WHY? | K22: CAN CAUSE | M22: 4 | N22: WHY? | S22: CAN CAUSE | U22: 4 | V22: WHY? | AA22: CAN CAUSE | AC22: 4 | AD22: WHY? | AI22: CAN CAUSE | AK22: 4 | AL22: WHY? | AQ22: CAN CAUSE | AS22: 4 | AT22: WHY? | AY22: CAN CAUSE | BA22: 4 | BB22: WHY? | BG22: CAN CAUSE | BI22: 4 | BJ22: WHY? | BO22: CAN CAUSE | BQ22: 4 | BR22: WHY? | BW22: CAN CAUSE | BY22: 4 | BZ22: WHY? | CE22: CAN CAUSE
I24: Via alterna (B) | J24: Via alterna (C) | Q24: Via alterna (B) | R24: Via alterna (C) | Y24: Via alterna (B) | Z24: Via alterna (C) | AG24: Via alterna (B) | AH24: Via alterna (C) | AO24: Via alterna (B) | AP24: Via alterna (C) | AW24: Via alterna (B) | AX24: Via alterna (C) | BE24: Via alterna (B) | BF24: Via alterna (C) | BM24: Via alterna (B) | BN24: Via alterna (C) | BU24: Via alterna (B) | BV24: Via alterna (C) | CC24: Via alterna (B) | CD24: Via alterna (C)
E25: 5 | F25: WHY? | K25: CAN CAUSE | M25: 5 | N25: WHY? | S25: CAN CAUSE | U25: 5 | V25: WHY? | AA25: CAN CAUSE | AC25: 5 | AD25: WHY? | AI25: CAN CAUSE | AK25: 5 | AL25: WHY? | AQ25: PUEDE CAUSAR | AS25: 5 | AT25: WHY? | AY25: CAN CAUSE | BA25: 5 | BB25: WHY? | BG25: CAN CAUSE | BI25: 5 | BJ25: WHY? | BO25: CAN CAUSE | BQ25: 5 | BR25: WHY? | BW25: CAN CAUSE | BY25: 5 | BZ25: WHY? | CE25: CAN CAUSE
H28: ROOT CAUSE IDENTIFIED | I28: CAUSA RAIZ IDENTIFICADA (B) | J28: CAUSA RAIZ IDENTIFICADA (C) | P28: ROOT CAUSE IDENTIFIED | Q28: CAUSA RAIZ IDENTIFICADA (B) | R28: CAUSA RAIZ IDENTIFICADA (C) | X28: ROOT CAUSE IDENTIFIED | Y28: CAUSA RAIZ IDENTIFICADA (B) | Z28: CAUSA RAIZ IDENTIFICADA (C) | AF28: ROOT CAUSE IDENTIFIED | AG28: CAUSA RAIZ IDENTIFICADA (B) | AH28: CAUSA RAIZ IDENTIFICADA (C) | AN28: ROOT CAUSE IDENTIFIED | AO28: CAUSA RAIZ IDENTIFICADA (B) | AP28: CAUSA RAIZ IDENTIFICADA (C) | AV28: ROOT CAUSE IDENTIFIED | AW28: CAUSA RAIZ IDENTIFICADA (B) | AX28: CAUSA RAIZ IDENTIFICADA (C) | BD28: ROOT CAUSE IDENTIFIED | BE28: CAUSA RAIZ IDENTIFICADA (B) | BF28: CAUSA RAIZ IDENTIFICADA (C) | BL28: ROOT CAUSE IDENTIFIED | BM28: CAUSA RAIZ IDENTIFICADA (B) | BN28: CAUSA RAIZ IDENTIFICADA (C) | BT28: ROOT CAUSE IDENTIFIED | BU28: CAUSA RAIZ IDENTIFICADA (B) | BV28: CAUSA RAIZ IDENTIFICADA (C) | CB28: ROOT CAUSE IDENTIFIED | CC28: CAUSA RAIZ IDENTIFICADA (B) | CD28: CAUSA RAIZ IDENTIFICADA (C)

Sheet COUNTERMEASURES
B2: CONTRAMEDIDAS DE MITIGACION
B4: # | C4: CAUSA RAIZ | D4: ACCIÓN | I4: RESPONSABLE | J4: FECHA
B5: 1
B6: 2
B7: 3
B8: 4
B9: 5
B10: 6
B11: 7
B12: 8
B13: 9
B14: 10
B17: CONTRAMEDIDAS DE ELIMINACIÓN DE CAUSA RAÍZ
B19: # | C19: CAUSA RAIZ | D19: ACCIÓN | I19: RESPONSABLE | J19: FECHA
B20: 1
B21: 2
B22: 3
B23: 4
B24: 5
B25: 6
B26: 7
B27: 8
B28: 9
B29: 10

Sheet Hoja1

Sheet DATOS
A1: 1
A2: 2
A3: 3
